"Variable","trainAUC","testAUC"
" + ZCCHC7","0.780671914292604","0.65472972972973"
