"Variable","trainAUC","testAUC"
"IGFL1","0.74781377160032","0.753775829189778"
