"Variable","trainAUC","testAUC"
" + CELF6","0.792425354633668","0.734917041463564"
